;Media;Twitter
week1;-0.0247902;0.2908243
week2;-0.0274985;0.2451647
week3;-0.0929371;0.2732181
week4;-0.1798813;0.2012448
week5;-0.0616606;0.2852992
week6;-0.0480159;0.3083633
week7;0.09716313;0.2646154
week8;-0.09868642;0.19022